STATEFP,COUNTYFP,GEOID,NAME,Number_of_DS
01,001,01001,Autauga,9
01,003,01003,Baldwin,41
01,005,01005,Barbour,6
01,007,01007,Bibb,3
01,009,01009,Blount,11
01,011,01011,Bullock,2
01,013,01013,Butler,6
01,015,01015,Calhoun,22
01,017,01017,Chambers,7
01,019,01019,Cherokee,7
01,021,01021,Chilton,7
01,023,01023,Choctaw,3
01,025,01025,Clarke,7
01,027,01027,Clay,3
01,029,01029,Cleburne,3
01,031,01031,Coffee,11
01,033,01033,Colbert,15
01,035,01035,Conecuh,4
01,037,01037,Coosa,1
01,039,01039,Covington,10
01,041,01041,Crenshaw,3
01,043,01043,Cullman,23
01,045,01045,Dale,12
01,047,01047,Dallas,9
01,049,01049,DeKalb,17
01,051,01051,Elmore,14
01,053,01053,Escambia,6
01,055,01055,Etowah,21
01,057,01057,Fayette,4
01,059,01059,Franklin,7
01,061,01061,Geneva,9
01,063,01063,Greene,1
01,065,01065,Hale,3
01,067,01067,Henry,2
01,069,01069,Houston,24
01,071,01071,Jackson,12
01,073,01073,Jefferson,64
01,075,01075,Lamar,3
01,077,01077,Lauderdale,20
01,079,01079,Lawrence,9
01,081,01081,Lee,18
01,083,01083,Limestone,17
01,085,01085,Lowndes,2
01,087,01087,Macon,4
01,089,01089,Madison,44
01,091,01091,Marengo,4
01,093,01093,Marion,10
01,095,01095,Marshall,17
01,097,01097,Mobile,70
01,099,01099,Monroe,6
01,101,01101,Montgomery,29
01,103,01103,Morgan,19
01,105,01105,Perry,2
01,107,01107,Pickens,5
01,109,01109,Pike,6
01,111,01111,Randolph,3
01,113,01113,Russell,12
01,115,01115,St. Clair,18
01,117,01117,Shelby,18
01,119,01119,Sumter,2
01,121,01121,Talladega,18
01,123,01123,Tallapoosa,11
01,125,01125,Tuscaloosa,31
01,127,01127,Walker,20
01,129,01129,Washington,5
01,131,01131,Wilcox,3
01,133,01133,Winston,4
04,001,04001,Apache,5
04,003,04003,Cochise,14
04,005,04005,Coconino,6
04,007,04007,Gila,5
04,009,04009,Graham,5
04,011,04011,Greenlee,1
04,012,04012,La Paz,2
04,013,04013,Maricopa,57
04,015,04015,Mohave,17
04,017,04017,Navajo,7
04,019,04019,Pima,29
04,021,04021,Pinal,14
04,023,04023,Santa Cruz,4
04,025,04025,Yavapai,11
04,027,04027,Yuma,7
05,001,05001,Arkansas,3
05,003,05003,Ashley,4
05,005,05005,Baxter,9
05,007,05007,Benton,20
05,009,05009,Boone,9
05,011,05011,Bradley,2
05,013,05013,Calhoun,1
05,015,05015,Carroll,4
05,017,05017,Chicot,2
05,019,05019,Clark,5
05,021,05021,Clay,3
05,023,05023,Cleburne,7
05,025,05025,Cleveland,2
05,027,05027,Columbia,4
05,029,05029,Conway,5
05,031,05031,Craighead,20
05,033,05033,Crawford,12
05,035,05035,Crittenden,5
05,037,05037,Cross,3
05,039,05039,Dallas,1
05,041,05041,Desha,2
05,043,05043,Drew,1
05,045,05045,Faulkner,16
05,047,05047,Franklin,3
05,049,05049,Fulton,3
05,051,05051,Garland,14
05,053,05053,Grant,2
05,055,05055,Greene,8
05,057,05057,Hempstead,2
05,059,05059,Hot Spring,6
05,061,05061,Howard,3
05,063,05063,Independence,8
05,065,05065,Izard,5
05,067,05067,Jackson,3
05,069,05069,Jefferson,14
05,071,05071,Johnson,5
05,073,05073,Lafayette,2
05,075,05075,Lawrence,4
05,077,05077,Lee,1
05,079,05079,Lincoln,2
05,081,05081,Little River,2
05,083,05083,Logan,4
05,085,05085,Lonoke,14
05,087,05087,Madison,1
05,089,05089,Marion,3
05,091,05091,Miller,7
05,093,05093,Mississippi,6
05,095,05095,Monroe,2
05,097,05097,Montgomery,1
05,099,05099,Nevada,1
05,101,05101,Newton,3
05,103,05103,Ouachita,6
05,105,05105,Perry,2
05,107,05107,Phillips,3
05,109,05109,Pike,2
05,111,05111,Poinsett,5
05,113,05113,Polk,3
05,115,05115,Pope,11
05,117,05117,Prairie,2
05,119,05119,Pulaski,38
05,121,05121,Randolph,4
05,123,05123,St. Francis,6
05,125,05125,Saline,19
05,127,05127,Scott,2
05,129,05129,Searcy,2
05,131,05131,Sebastian,15
05,133,05133,Sevier,4
05,135,05135,Sharp,2
05,137,05137,Stone,1
05,139,05139,Union,9
05,141,05141,Van Buren,5
05,143,05143,Washington,22
05,145,05145,White,19
05,147,05147,Woodruff,3
05,149,05149,Yell,4
06,001,06001,Alameda,9
06,005,06005,Amador,3
06,007,06007,Butte,13
06,009,06009,Calaveras,2
06,011,06011,Colusa,2
06,013,06013,Contra Costa,11
06,015,06015,Del Norte,2
06,017,06017,El Dorado,1
06,019,06019,Fresno,30
06,021,06021,Glenn,2
06,023,06023,Humboldt,5
06,025,06025,Imperial,6
06,029,06029,Kern,40
06,031,06031,Kings,4
06,033,06033,Lake,2
06,035,06035,Lassen,2
06,037,06037,Los Angeles,32
06,039,06039,Madera,5
06,041,06041,Marin,1
06,045,06045,Mendocino,1
06,047,06047,Merced,13
06,049,06049,Modoc,1
06,053,06053,Monterey,4
06,057,06057,Nevada,2
06,059,06059,Orange,11
06,061,06061,Placer,9
06,063,06063,Plumas,4
06,065,06065,Riverside,26
06,067,06067,Sacramento,21
06,069,06069,San Benito,1
06,071,06071,San Bernardino,40
06,073,06073,San Diego,11
06,077,06077,San Joaquin,16
06,079,06079,San Luis Obispo,3
06,081,06081,San Mateo,1
06,083,06083,Santa Barbara,3
06,085,06085,Santa Clara,8
06,087,06087,Santa Cruz,2
06,089,06089,Shasta,7
06,093,06093,Siskiyou,4
06,095,06095,Solano,4
06,097,06097,Sonoma,6
06,099,06099,Stanislaus,21
06,101,06101,Sutter,2
06,103,06103,Tehama,6
06,105,06105,Trinity,1
06,107,06107,Tulare,19
06,109,06109,Tuolumne,3
06,111,06111,Ventura,6
06,113,06113,Yolo,6
06,115,06115,Yuba,4
08,001,08001,Adams,8
08,005,08005,Arapahoe,11
08,007,08007,Archuleta,2
08,009,08009,Baca,1
08,013,08013,Boulder,1
08,015,08015,Chaffee,1
08,029,08029,Delta,2
08,031,08031,Denver,13
08,041,08041,El Paso,12
08,043,08043,Fremont,4
08,045,08045,Garfield,1
08,055,08055,Huerfano,1
08,059,08059,Jefferson,12
08,063,08063,Kit Carson,1
08,067,08067,La Plata,1
08,069,08069,Larimer,5
08,073,08073,Lincoln,2
08,075,08075,Logan,2
08,077,08077,Mesa,2
08,081,08081,Moffat,1
08,083,08083,Montezuma,2
08,085,08085,Montrose,1
08,087,08087,Morgan,3
08,089,08089,Otero,1
08,099,08099,Prowers,1
08,101,08101,Pueblo,10
08,123,08123,Weld,6
08,125,08125,Yuma,2
09,001,09001,Fairfield,3
09,003,09003,Hartford,18
09,005,09005,Litchfield,7
09,007,09007,Middlesex,3
09,009,09009,New Haven,13
09,011,09011,New London,10
09,013,09013,Tolland,3
09,015,09015,Windham,5
10,001,10001,Kent,13
10,003,10003,New Castle,23
10,005,10005,Sussex,23
11,001,11001,District of Columbia,1
12,001,12001,Alachua,22
12,003,12003,Baker,4
12,005,12005,Bay,30
12,007,12007,Bradford,5
12,009,12009,Brevard,42
12,011,12011,Broward,43
12,013,12013,Calhoun,2
12,015,12015,Charlotte,13
12,017,12017,Citrus,21
12,019,12019,Clay,10
12,021,12021,Collier,5
12,023,12023,Columbia,11
12,027,12027,DeSoto,5
12,029,12029,Dixie,3
12,031,12031,Duval,56
12,033,12033,Escambia,29
12,035,12035,Flagler,6
12,037,12037,Franklin,3
12,039,12039,Gadsden,8
12,041,12041,Gilchrist,2
12,043,12043,Glades,2
12,045,12045,Gulf,4
12,047,12047,Hamilton,2
12,049,12049,Hardee,4
12,051,12051,Hendry,3
12,053,12053,Hernando,16
12,055,12055,Highlands,13
12,057,12057,Hillsborough,61
12,059,12059,Holmes,3
12,061,12061,Indian River,8
12,063,12063,Jackson,12
12,065,12065,Jefferson,1
12,067,12067,Lafayette,1
12,069,12069,Lake,31
12,071,12071,Lee,43
12,073,12073,Leon,21
12,075,12075,Levy,10
12,077,12077,Liberty,1
12,079,12079,Madison,3
12,081,12081,Manatee,23
12,083,12083,Marion,48
12,085,12085,Martin,5
12,086,12086,Miami-Dade,34
12,089,12089,Nassau,6
12,091,12091,Okaloosa,22
12,093,12093,Okeechobee,3
12,095,12095,Orange,38
12,097,12097,Osceola,15
12,099,12099,Palm Beach,29
12,101,12101,Pasco,31
12,103,12103,Pinellas,43
12,105,12105,Polk,61
12,107,12107,Putnam,19
12,109,12109,St. Johns,15
12,111,12111,St. Lucie,9
12,113,12113,Santa Rosa,16
12,115,12115,Sarasota,19
12,117,12117,Seminole,19
12,119,12119,Sumter,7
12,121,12121,Suwannee,9
12,123,12123,Taylor,3
12,125,12125,Union,3
12,127,12127,Volusia,47
12,129,12129,Wakulla,5
12,131,12131,Walton,8
12,133,12133,Washington,4
13,001,13001,Appling,3
13,003,13003,Atkinson,2
13,005,13005,Bacon,1
13,007,13007,Baker,1
13,009,13009,Baldwin,6
13,011,13011,Banks,4
13,013,13013,Barrow,9
13,015,13015,Bartow,14
13,017,13017,Ben Hill,2
13,019,13019,Berrien,4
13,021,13021,Bibb,18
13,023,13023,Bleckley,3
13,025,13025,Brantley,5
13,027,13027,Brooks,3
13,029,13029,Bryan,4
13,031,13031,Bulloch,9
13,033,13033,Burke,3
13,035,13035,Butts,4
13,037,13037,Calhoun,1
13,039,13039,Camden,7
13,043,13043,Candler,1
13,045,13045,Carroll,16
13,047,13047,Catoosa,8
13,049,13049,Charlton,3
13,051,13051,Chatham,19
13,053,13053,Chattahoochee,1
13,055,13055,Chattooga,7
13,057,13057,Cherokee,10
13,059,13059,Clarke,10
13,061,13061,Clay,1
13,063,13063,Clayton,18
13,065,13065,Clinch,1
13,067,13067,Cobb,25
13,069,13069,Coffee,10
13,071,13071,Colquitt,9
13,073,13073,Columbia,11
13,075,13075,Cook,3
13,077,13077,Coweta,11
13,079,13079,Crawford,2
13,081,13081,Crisp,3
13,083,13083,Dade,4
13,085,13085,Dawson,4
13,087,13087,Decatur,5
13,089,13089,DeKalb,28
13,091,13091,Dodge,4
13,093,13093,Dooly,3
13,095,13095,Dougherty,14
13,097,13097,Douglas,13
13,099,13099,Early,2
13,101,13101,Echols,1
13,103,13103,Effingham,5
13,105,13105,Elbert,5
13,107,13107,Emanuel,2
13,109,13109,Evans,2
13,111,13111,Fannin,5
13,113,13113,Fayette,5
13,115,13115,Floyd,14
13,117,13117,Forsyth,8
13,119,13119,Franklin,4
13,121,13121,Fulton,30
13,123,13123,Gilmer,5
13,125,13125,Glascock,1
13,127,13127,Glynn,10
13,129,13129,Gordon,14
13,131,13131,Grady,6
13,133,13133,Greene,3
13,135,13135,Gwinnett,24
13,137,13137,Habersham,9
13,139,13139,Hall,16
13,141,13141,Hancock,2
13,143,13143,Haralson,4
13,145,13145,Harris,7
13,147,13147,Hart,6
13,149,13149,Heard,1
13,151,13151,Henry,17
13,153,13153,Houston,16
13,155,13155,Irwin,3
13,157,13157,Jackson,11
13,159,13159,Jasper,2
13,161,13161,Jeff Davis,2
13,163,13163,Jefferson,4
13,165,13165,Jenkins,1
13,167,13167,Johnson,2
13,169,13169,Jones,4
13,171,13171,Lamar,2
13,173,13173,Lanier,2
13,175,13175,Laurens,7
13,177,13177,Lee,5
13,179,13179,Liberty,7
13,181,13181,Lincoln,2
13,183,13183,Long,1
13,185,13185,Lowndes,18
13,187,13187,Lumpkin,5
13,189,13189,McDuffie,4
13,191,13191,McIntosh,3
13,193,13193,Macon,4
13,195,13195,Madison,6
13,197,13197,Marion,1
13,199,13199,Meriwether,4
13,201,13201,Miller,1
13,205,13205,Mitchell,4
13,207,13207,Monroe,3
13,209,13209,Montgomery,2
13,211,13211,Morgan,2
13,213,13213,Murray,11
13,215,13215,Muscogee,15
13,217,13217,Newton,12
13,219,13219,Oconee,1
13,221,13221,Oglethorpe,1
13,223,13223,Paulding,11
13,225,13225,Peach,6
13,227,13227,Pickens,5
13,229,13229,Pierce,4
13,231,13231,Pike,4
13,233,13233,Polk,7
13,235,13235,Pulaski,1
13,237,13237,Putnam,3
13,239,13239,Quitman,1
13,241,13241,Rabun,2
13,243,13243,Randolph,1
13,245,13245,Richmond,15
13,247,13247,Rockdale,4
13,249,13249,Schley,2
13,251,13251,Screven,4
13,253,13253,Seminole,2
13,255,13255,Spalding,11
13,257,13257,Stephens,3
13,259,13259,Stewart,2
13,261,13261,Sumter,6
13,263,13263,Talbot,2
13,265,13265,Taliaferro,1
13,267,13267,Tattnall,3
13,269,13269,Taylor,2
13,271,13271,Telfair,3
13,273,13273,Terrell,1
13,275,13275,Thomas,13
13,277,13277,Tift,10
13,279,13279,Toombs,6
13,281,13281,Towns,5
13,283,13283,Treutlen,1
13,285,13285,Troup,13
13,287,13287,Turner,2
13,289,13289,Twiggs,1
13,291,13291,Union,6
13,293,13293,Upson,6
13,295,13295,Walker,14
13,297,13297,Walton,9
13,299,13299,Ware,7
13,301,13301,Warren,1
13,303,13303,Washington,5
13,305,13305,Wayne,5
13,307,13307,Webster,1
13,309,13309,Wheeler,2
13,311,13311,White,6
13,313,13313,Whitfield,13
13,315,13315,Wilcox,2
13,317,13317,Wilkes,1
13,319,13319,Wilkinson,4
13,321,13321,Worth,4
16,001,16001,Ada,8
16,005,16005,Bannock,2
16,019,16019,Bonneville,3
16,027,16027,Canyon,2
16,039,16039,Elmore,2
16,053,16053,Jerome,1
16,055,16055,Kootenai,2
16,057,16057,Latah,1
16,065,16065,Madison,1
16,067,16067,Minidoka,1
16,069,16069,Nez Perce,1
16,083,16083,Twin Falls,1
17,001,17001,Adams,5
17,003,17003,Alexander,2
17,005,17005,Bond,1
17,007,17007,Boone,3
17,009,17009,Brown,1
17,011,17011,Bureau,2
17,013,17013,Calhoun,1
17,015,17015,Carroll,3
17,017,17017,Cass,3
17,019,17019,Champaign,11
17,021,17021,Christian,3
17,023,17023,Clark,3
17,025,17025,Clay,2
17,027,17027,Clinton,6
17,029,17029,Coles,5
17,031,17031,Cook,116
17,033,17033,Crawford,3
17,035,17035,Cumberland,3
17,037,17037,DeKalb,7
17,039,17039,De Witt,2
17,041,17041,Douglas,5
17,043,17043,DuPage,11
17,045,17045,Edgar,2
17,047,17047,Edwards,2
17,049,17049,Effingham,8
17,051,17051,Fayette,4
17,053,17053,Ford,3
17,055,17055,Franklin,8
17,057,17057,Fulton,5
17,059,17059,Gallatin,1
17,061,17061,Greene,3
17,063,17063,Grundy,4
17,065,17065,Hamilton,1
17,067,17067,Hancock,3
17,069,17069,Hardin,1
17,071,17071,Henderson,1
17,073,17073,Henry,6
17,075,17075,Iroquois,4
17,077,17077,Jackson,9
17,079,17079,Jasper,1
17,081,17081,Jefferson,7
17,083,17083,Jersey,1
17,085,17085,Jo Daviess,2
17,087,17087,Johnson,2
17,089,17089,Kane,10
17,091,17091,Kankakee,13
17,093,17093,Kendall,4
17,095,17095,Knox,6
17,097,17097,Lake,18
17,099,17099,LaSalle,11
17,101,17101,Lawrence,2
17,103,17103,Lee,3
17,105,17105,Livingston,3
17,107,17107,Logan,6
17,109,17109,McDonough,4
17,111,17111,McHenry,10
17,113,17113,McLean,13
17,115,17115,Macon,14
17,117,17117,Macoupin,9
17,119,17119,Madison,24
17,121,17121,Marion,3
17,123,17123,Marshall,2
17,125,17125,Mason,3
17,127,17127,Massac,2
17,129,17129,Menard,2
17,131,17131,Mercer,2
17,133,17133,Monroe,2
17,135,17135,Montgomery,5
17,137,17137,Morgan,4
17,139,17139,Moultrie,1
17,141,17141,Ogle,5
17,143,17143,Peoria,13
17,145,17145,Perry,3
17,147,17147,Piatt,2
17,149,17149,Pike,3
17,151,17151,Pope,1
17,153,17153,Pulaski,1
17,155,17155,Putnam,1
17,157,17157,Randolph,6
17,159,17159,Richland,2
17,161,17161,Rock Island,13
17,163,17163,St. Clair,22
17,165,17165,Saline,7
17,167,17167,Sangamon,16
17,169,17169,Schuyler,1
17,171,17171,Scott,1
17,173,17173,Shelby,5
17,175,17175,Stark,1
17,177,17177,Stephenson,4
17,179,17179,Tazewell,15
17,181,17181,Union,4
17,183,17183,Vermilion,13
17,185,17185,Wabash,1
17,187,17187,Warren,2
17,189,17189,Washington,2
17,191,17191,Wayne,2
17,193,17193,White,3
17,195,17195,Whiteside,6
17,197,17197,Will,15
17,199,17199,Williamson,11
17,201,17201,Winnebago,15
17,203,17203,Woodford,6
18,001,18001,Adams,4
18,003,18003,Allen,22
18,005,18005,Bartholomew,8
18,007,18007,Benton,2
18,009,18009,Blackford,2
18,011,18011,Boone,3
18,013,18013,Brown,1
18,015,18015,Carroll,3
18,017,18017,Cass,4
18,019,18019,Clark,14
18,021,18021,Clay,4
18,023,18023,Clinton,2
18,025,18025,Crawford,2
18,027,18027,Daviess,4
18,029,18029,Dearborn,4
18,031,18031,Decatur,3
18,033,18033,DeKalb,5
18,035,18035,Delaware,14
18,037,18037,Dubois,5
18,039,18039,Elkhart,17
18,041,18041,Fayette,2
18,043,18043,Floyd,6
18,045,18045,Fountain,2
18,047,18047,Franklin,2
18,049,18049,Fulton,2
18,051,18051,Gibson,6
18,053,18053,Grant,6
18,055,18055,Greene,6
18,057,18057,Hamilton,6
18,059,18059,Hancock,6
18,061,18061,Harrison,6
18,063,18063,Hendricks,9
18,065,18065,Henry,5
18,067,18067,Howard,6
18,069,18069,Huntington,4
18,071,18071,Jackson,6
18,073,18073,Jasper,4
18,075,18075,Jay,1
18,077,18077,Jefferson,4
18,079,18079,Jennings,2
18,081,18081,Johnson,10
18,083,18083,Knox,5
18,085,18085,Kosciusko,11
18,087,18087,LaGrange,4
18,089,18089,Lake,30
18,091,18091,LaPorte,10
18,093,18093,Lawrence,7
18,095,18095,Madison,12
18,097,18097,Marion,66
18,099,18099,Marshall,7
18,101,18101,Martin,1
18,103,18103,Miami,4
18,105,18105,Monroe,5
18,107,18107,Montgomery,2
18,109,18109,Morgan,5
18,111,18111,Newton,2
18,113,18113,Noble,6
18,115,18115,Ohio,1
18,117,18117,Orange,3
18,119,18119,Owen,2
18,121,18121,Parke,4
18,123,18123,Perry,2
18,125,18125,Pike,2
18,127,18127,Porter,8
18,129,18129,Posey,3
18,131,18131,Pulaski,2
18,133,18133,Putnam,7
18,135,18135,Randolph,6
18,137,18137,Ripley,6
18,139,18139,Rush,1
18,141,18141,St. Joseph,17
18,143,18143,Scott,3
18,145,18145,Shelby,4
18,147,18147,Spencer,4
18,149,18149,Starke,4
18,151,18151,Steuben,8
18,153,18153,Sullivan,5
18,155,18155,Switzerland,2
18,157,18157,Tippecanoe,10
18,159,18159,Tipton,2
18,161,18161,Union,1
18,163,18163,Vanderburgh,16
18,165,18165,Vermillion,2
18,167,18167,Vigo,13
18,169,18169,Wabash,3
18,171,18171,Warren,1
18,173,18173,Warrick,5
18,175,18175,Washington,2
18,177,18177,Wayne,9
18,179,18179,Wells,3
18,181,18181,White,2
18,183,18183,Whitley,5
19,001,19001,Adair,1
19,003,19003,Adams,1
19,005,19005,Allamakee,1
19,007,19007,Appanoose,1
19,009,19009,Audubon,1
19,011,19011,Benton,3
19,013,19013,Black Hawk,11
19,015,19015,Boone,2
19,017,19017,Bremer,3
19,019,19019,Buchanan,1
19,021,19021,Buena Vista,1
19,023,19023,Butler,1
19,025,19025,Calhoun,3
19,027,19027,Carroll,3
19,029,19029,Cass,1
19,031,19031,Cedar,1
19,033,19033,Cerro Gordo,4
19,035,19035,Cherokee,1
19,037,19037,Chickasaw,2
19,039,19039,Clarke,1
19,041,19041,Clay,2
19,043,19043,Clayton,4
19,045,19045,Clinton,4
19,047,19047,Crawford,1
19,049,19049,Dallas,2
19,051,19051,Davis,1
19,053,19053,Decatur,2
19,055,19055,Delaware,1
19,057,19057,Des Moines,5
19,059,19059,Dickinson,2
19,061,19061,Dubuque,5
19,063,19063,Emmet,1
19,065,19065,Fayette,2
19,067,19067,Floyd,1
19,069,19069,Franklin,2
19,073,19073,Greene,1
19,075,19075,Grundy,1
19,077,19077,Guthrie,2
19,079,19079,Hamilton,1
19,081,19081,Hancock,2
19,083,19083,Hardin,2
19,085,19085,Harrison,1
19,087,19087,Henry,2
19,089,19089,Howard,2
19,091,19091,Humboldt,1
19,093,19093,Ida,3
19,095,19095,Iowa,2
19,097,19097,Jackson,3
19,099,19099,Jasper,1
19,101,19101,Jefferson,1
19,103,19103,Johnson,3
19,105,19105,Jones,2
19,107,19107,Keokuk,2
19,109,19109,Kossuth,2
19,111,19111,Lee,5
19,113,19113,Linn,13
19,115,19115,Louisa,2
19,117,19117,Lucas,1
19,119,19119,Lyon,1
19,121,19121,Madison,1
19,123,19123,Mahaska,3
19,125,19125,Marion,4
19,127,19127,Marshall,3
19,129,19129,Mills,2
19,131,19131,Mitchell,2
19,133,19133,Monona,2
19,135,19135,Monroe,1
19,137,19137,Montgomery,1
19,139,19139,Muscatine,4
19,141,19141,O'Brien,2
19,143,19143,Osceola,1
19,145,19145,Page,2
19,147,19147,Palo Alto,1
19,151,19151,Pocahontas,1
19,153,19153,Polk,19
19,155,19155,Pottawattamie,5
19,157,19157,Poweshiek,2
19,159,19159,Ringgold,1
19,161,19161,Sac,2
19,163,19163,Scott,10
19,165,19165,Shelby,1
19,167,19167,Sioux,4
19,169,19169,Story,4
19,171,19171,Tama,2
19,173,19173,Taylor,1
19,175,19175,Union,1
19,177,19177,Van Buren,1
19,179,19179,Wapello,3
19,181,19181,Warren,3
19,183,19183,Washington,2
19,185,19185,Wayne,1
19,187,19187,Webster,1
19,189,19189,Winnebago,3
19,191,19191,Winneshiek,1
19,193,19193,Woodbury,10
19,195,19195,Worth,2
19,197,19197,Wright,3
20,001,20001,Allen,2
20,003,20003,Anderson,1
20,005,20005,Atchison,1
20,007,20007,Barber,1
20,009,20009,Barton,5
20,011,20011,Bourbon,2
20,013,20013,Brown,3
20,015,20015,Butler,5
20,017,20017,Chase,1
20,019,20019,Chautauqua,1
20,021,20021,Cherokee,4
20,023,20023,Cheyenne,1
20,027,20027,Clay,2
20,029,20029,Cloud,1
20,031,20031,Coffey,2
20,033,20033,Comanche,1
20,035,20035,Cowley,2
20,037,20037,Crawford,4
20,039,20039,Decatur,1
20,041,20041,Dickinson,4
20,043,20043,Doniphan,1
20,045,20045,Douglas,6
20,047,20047,Edwards,1
20,049,20049,Elk,1
20,051,20051,Ellis,1
20,053,20053,Ellsworth,1
20,055,20055,Finney,2
20,057,20057,Ford,2
20,059,20059,Franklin,4
20,061,20061,Geary,3
20,063,20063,Gove,1
20,065,20065,Graham,1
20,067,20067,Grant,1
20,069,20069,Gray,1
20,073,20073,Greenwood,1
20,075,20075,Hamilton,1
20,077,20077,Harper,2
20,079,20079,Harvey,3
20,081,20081,Haskell,1
20,085,20085,Jackson,2
20,087,20087,Jefferson,3
20,089,20089,Jewell,1
20,091,20091,Johnson,11
20,093,20093,Kearny,1
20,095,20095,Kingman,1
20,099,20099,Labette,3
20,103,20103,Leavenworth,4
20,105,20105,Lincoln,1
20,107,20107,Linn,2
20,109,20109,Logan,1
20,111,20111,Lyon,3
20,113,20113,McPherson,4
20,115,20115,Marion,2
20,117,20117,Marshall,2
20,119,20119,Meade,1
20,121,20121,Miami,5
20,123,20123,Mitchell,2
20,125,20125,Montgomery,5
20,127,20127,Morris,1
20,129,20129,Morton,1
20,131,20131,Nemaha,1
20,133,20133,Neosho,2
20,135,20135,Ness,1
20,137,20137,Norton,1
20,139,20139,Osage,4
20,141,20141,Osborne,1
20,143,20143,Ottawa,1
20,145,20145,Pawnee,1
20,147,20147,Phillips,1
20,149,20149,Pottawatomie,3
20,151,20151,Pratt,1
20,155,20155,Reno,4
20,157,20157,Republic,1
20,159,20159,Rice,2
20,161,20161,Riley,3
20,163,20163,Rooks,2
20,165,20165,Rush,1
20,167,20167,Russell,2
20,169,20169,Saline,5
20,171,20171,Scott,1
20,173,20173,Sedgwick,40
20,175,20175,Seward,3
20,177,20177,Shawnee,11
20,179,20179,Sheridan,1
20,181,20181,Sherman,1
20,183,20183,Smith,1
20,185,20185,Stafford,1
20,187,20187,Stanton,1
20,189,20189,Stevens,1
20,191,20191,Sumner,4
20,193,20193,Thomas,1
20,195,20195,Trego,1
20,197,20197,Wabaunsee,1
20,201,20201,Washington,1
20,203,20203,Wichita,1
20,205,20205,Wilson,2
20,207,20207,Woodson,1
20,209,20209,Wyandotte,12
21,001,21001,Adair,2
21,003,21003,Allen,3
21,005,21005,Anderson,3
21,007,21007,Ballard,3
21,009,21009,Barren,10
21,011,21011,Bath,3
21,013,21013,Bell,6
21,015,21015,Boone,9
21,017,21017,Bourbon,3
21,019,21019,Boyd,5
21,021,21021,Boyle,8
21,023,21023,Bracken,1
21,025,21025,Breathitt,1
21,027,21027,Breckinridge,5
21,029,21029,Bullitt,11
21,031,21031,Butler,2
21,033,21033,Caldwell,2
21,035,21035,Calloway,6
21,037,21037,Campbell,5
21,039,21039,Carlisle,1
21,041,21041,Carroll,2
21,043,21043,Carter,4
21,045,21045,Casey,4
21,047,21047,Christian,11
21,049,21049,Clark,5
21,051,21051,Clay,2
21,053,21053,Clinton,3
21,055,21055,Crittenden,1
21,057,21057,Cumberland,2
21,059,21059,Daviess,13
21,061,21061,Edmonson,2
21,063,21063,Elliott,3
21,065,21065,Estill,4
21,067,21067,Fayette,8
21,069,21069,Fleming,2
21,071,21071,Floyd,8
21,073,21073,Franklin,5
21,075,21075,Fulton,2
21,077,21077,Gallatin,1
21,079,21079,Garrard,2
21,081,21081,Grant,4
21,083,21083,Graves,11
21,085,21085,Grayson,9
21,087,21087,Green,4
21,089,21089,Greenup,9
21,091,21091,Hancock,2
21,093,21093,Hardin,13
21,095,21095,Harlan,8
21,097,21097,Harrison,1
21,099,21099,Hart,6
21,101,21101,Henderson,8
21,103,21103,Henry,4
21,105,21105,Hickman,1
21,107,21107,Hopkins,8
21,109,21109,Jackson,3
21,111,21111,Jefferson,44
21,113,21113,Jessamine,5
21,115,21115,Johnson,4
21,117,21117,Kenton,8
21,119,21119,Knott,2
21,121,21121,Knox,5
21,123,21123,Larue,3
21,125,21125,Laurel,14
21,127,21127,Lawrence,2
21,129,21129,Lee,2
21,131,21131,Leslie,2
21,133,21133,Letcher,4
21,135,21135,Lewis,4
21,137,21137,Lincoln,5
21,139,21139,Livingston,4
21,141,21141,Logan,4
21,143,21143,Lyon,1
21,145,21145,McCracken,11
21,147,21147,McCreary,3
21,149,21149,McLean,3
21,151,21151,Madison,13
21,153,21153,Magoffin,4
21,155,21155,Marion,3
21,157,21157,Marshall,7
21,159,21159,Martin,3
21,161,21161,Mason,1
21,163,21163,Meade,6
21,165,21165,Menifee,2
21,167,21167,Mercer,5
21,169,21169,Metcalfe,3
21,171,21171,Monroe,3
21,173,21173,Montgomery,5
21,175,21175,Morgan,3
21,177,21177,Muhlenberg,5
21,179,21179,Nelson,8
21,181,21181,Nicholas,1
21,183,21183,Ohio,3
21,185,21185,Oldham,2
21,187,21187,Owen,1
21,189,21189,Owsley,2
21,191,21191,Pendleton,2
21,193,21193,Perry,3
21,195,21195,Pike,11
21,197,21197,Powell,2
21,199,21199,Pulaski,10
21,203,21203,Rockcastle,4
21,205,21205,Rowan,6
21,207,21207,Russell,6
21,209,21209,Scott,3
21,211,21211,Shelby,4
21,213,21213,Simpson,2
21,215,21215,Spencer,2
21,217,21217,Taylor,6
21,219,21219,Todd,3
21,221,21221,Trigg,2
21,223,21223,Trimble,2
21,225,21225,Union,4
21,227,21227,Warren,15
21,229,21229,Washington,4
21,231,21231,Wayne,6
21,233,21233,Webster,4
21,235,21235,Whitley,8
21,237,21237,Wolfe,2
21,239,21239,Woodford,1
22,001,22001,Acadia,14
22,003,22003,Allen,8
22,005,22005,Ascension,17
22,007,22007,Assumption,5
22,009,22009,Avoyelles,11
22,011,22011,Beauregard,10
22,013,22013,Bienville,2
22,015,22015,Bossier,12
22,017,22017,Caddo,21
22,019,22019,Calcasieu,36
22,021,22021,Caldwell,2
22,023,22023,Cameron,3
22,025,22025,Catahoula,1
22,027,22027,Claiborne,4
22,029,22029,Concordia,3
22,031,22031,De Soto,4
22,033,22033,East Baton Rouge,42
22,035,22035,East Carroll,1
22,037,22037,East Feliciana,3
22,039,22039,Evangeline,6
22,041,22041,Franklin,4
22,043,22043,Grant,5
22,045,22045,Iberia,11
22,047,22047,Iberville,6
22,049,22049,Jackson,2
22,051,22051,Jefferson,32
22,053,22053,Jefferson Davis,6
22,055,22055,Lafayette,28
22,057,22057,Lafourche,20
22,059,22059,LaSalle,3
22,061,22061,Lincoln,8
22,063,22063,Livingston,28
22,065,22065,Madison,1
22,067,22067,Morehouse,5
22,069,22069,Natchitoches,7
22,071,22071,Orleans,19
22,073,22073,Ouachita,18
22,075,22075,Plaquemines,6
22,077,22077,Pointe Coupee,4
22,079,22079,Rapides,27
22,081,22081,Red River,1
22,083,22083,Richland,3
22,085,22085,Sabine,6
22,087,22087,St. Bernard,8
22,089,22089,St. Charles,9
22,091,22091,St. Helena,3
22,093,22093,St. James,3
22,095,22095,St. John the Baptist,6
22,097,22097,St. Landry,17
22,099,22099,St. Martin,8
22,101,22101,St. Mary,9
22,103,22103,St. Tammany,27
22,105,22105,Tangipahoa,22
22,107,22107,Tensas,1
22,109,22109,Terrebonne,16
22,111,22111,Union,4
22,113,22113,Vermilion,13
22,115,22115,Vernon,10
22,117,22117,Washington,13
22,119,22119,Webster,7
22,121,22121,West Baton Rouge,5
22,123,22123,West Carroll,2
22,125,22125,West Feliciana,2
22,127,22127,Winn,2
23,001,23001,Androscoggin,8
23,003,23003,Aroostook,3
23,005,23005,Cumberland,6
23,007,23007,Franklin,1
23,009,23009,Hancock,1
23,011,23011,Kennebec,8
23,017,23017,Oxford,3
23,019,23019,Penobscot,10
23,027,23027,Waldo,2
23,029,23029,Washington,2
23,031,23031,York,12
24,001,24001,Allegany,10
24,003,24003,Anne Arundel,18
24,005,24005,Baltimore,29
24,009,24009,Calvert,1
24,011,24011,Caroline,4
24,013,24013,Carroll,5
24,015,24015,Cecil,8
24,017,24017,Charles,5
24,019,24019,Dorchester,1
24,021,24021,Frederick,9
24,023,24023,Garrett,5
24,025,24025,Harford,11
24,027,24027,Howard,1
24,029,24029,Kent,3
24,031,24031,Montgomery,6
24,033,24033,Prince George's,16
24,035,24035,Queen Anne's,3
24,037,24037,St. Mary's,7
24,039,24039,Somerset,2
24,043,24043,Washington,13
24,045,24045,Wicomico,9
24,047,24047,Worcester,6
24,510,24510,Baltimore,24
25,001,25001,Barnstable,1
25,003,25003,Berkshire,8
25,005,25005,Bristol,11
25,009,25009,Essex,9
25,011,25011,Franklin,2
25,013,25013,Hampden,14
25,015,25015,Hampshire,3
25,017,25017,Middlesex,12
25,021,25021,Norfolk,6
25,023,25023,Plymouth,6
25,025,25025,Suffolk,5
25,027,25027,Worcester,16
26,005,26005,Allegan,9
26,007,26007,Alpena,5
26,009,26009,Antrim,3
26,011,26011,Arenac,3
26,015,26015,Barry,4
26,017,26017,Bay,7
26,019,26019,Benzie,1
26,021,26021,Berrien,14
26,023,26023,Branch,5
26,025,26025,Calhoun,12
26,027,26027,Cass,8
26,029,26029,Charlevoix,3
26,031,26031,Cheboygan,3
26,033,26033,Chippewa,1
26,035,26035,Clare,5
26,037,26037,Clinton,4
26,039,26039,Crawford,1
26,041,26041,Delta,4
26,043,26043,Dickinson,1
26,045,26045,Eaton,8
26,047,26047,Emmet,2
26,049,26049,Genesee,30
26,051,26051,Gladwin,4
26,053,26053,Gogebic,1
26,055,26055,Grand Traverse,5
26,057,26057,Gratiot,6
26,059,26059,Hillsdale,5
26,061,26061,Houghton,2
26,063,26063,Huron,6
26,065,26065,Ingham,14
26,067,26067,Ionia,4
26,069,26069,Iosco,1
26,071,26071,Iron,1
26,073,26073,Isabella,4
26,075,26075,Jackson,20
26,077,26077,Kalamazoo,14
26,079,26079,Kalkaska,2
26,081,26081,Kent,30
26,085,26085,Lake,1
26,087,26087,Lapeer,5
26,091,26091,Lenawee,9
26,093,26093,Livingston,3
26,095,26095,Luce,1
26,097,26097,Mackinac,2
26,099,26099,Macomb,27
26,101,26101,Manistee,4
26,103,26103,Marquette,2
26,105,26105,Mason,3
26,107,26107,Mecosta,1
26,109,26109,Menominee,3
26,111,26111,Midland,7
26,113,26113,Missaukee,1
26,115,26115,Monroe,6
26,117,26117,Montcalm,9
26,119,26119,Montmorency,3
26,121,26121,Muskegon,13
26,123,26123,Newaygo,5
26,125,26125,Oakland,32
26,127,26127,Oceana,4
26,129,26129,Ogemaw,3
26,133,26133,Osceola,3
26,135,26135,Oscoda,1
26,137,26137,Otsego,2
26,139,26139,Ottawa,9
26,141,26141,Presque Isle,1
26,143,26143,Roscommon,3
26,145,26145,Saginaw,16
26,147,26147,St. Clair,9
26,149,26149,St. Joseph,7
26,151,26151,Sanilac,7
26,153,26153,Schoolcraft,1
26,155,26155,Shiawassee,5
26,157,26157,Tuscola,7
26,159,26159,Van Buren,12
26,161,26161,Washtenaw,12
26,163,26163,Wayne,83
26,165,26165,Wexford,3
27,003,27003,Anoka,6
27,005,27005,Becker,1
27,007,27007,Beltrami,1
27,009,27009,Benton,1
27,011,27011,Big Stone,1
27,013,27013,Blue Earth,1
27,015,27015,Brown,2
27,017,27017,Carlton,1
27,021,27021,Cass,5
27,023,27023,Chippewa,1
27,025,27025,Chisago,3
27,027,27027,Clay,2
27,033,27033,Cottonwood,1
27,035,27035,Crow Wing,4
27,037,27037,Dakota,3
27,039,27039,Dodge,1
27,041,27041,Douglas,1
27,043,27043,Faribault,3
27,045,27045,Fillmore,1
27,047,27047,Freeborn,2
27,049,27049,Goodhue,2
27,053,27053,Hennepin,11
27,055,27055,Houston,1
27,057,27057,Hubbard,2
27,059,27059,Isanti,2
27,061,27061,Itasca,2
27,063,27063,Jackson,1
27,067,27067,Kandiyohi,1
27,069,27069,Kittson,1
27,071,27071,Koochiching,1
27,073,27073,Lac qui Parle,1
27,077,27077,Lake of the Woods,1
27,079,27079,Le Sueur,2
27,083,27083,Lyon,3
27,085,27085,McLeod,4
27,087,27087,Mahnomen,1
27,089,27089,Marshall,1
27,091,27091,Martin,2
27,093,27093,Meeker,1
27,095,27095,Mille Lacs,2
27,097,27097,Morrison,2
27,099,27099,Mower,2
27,103,27103,Nicollet,1
27,105,27105,Nobles,2
27,107,27107,Norman,1
27,109,27109,Olmsted,3
27,111,27111,Otter Tail,4
27,117,27117,Pipestone,1
27,119,27119,Polk,2
27,121,27121,Pope,1
27,123,27123,Ramsey,11
27,125,27125,Red Lake,1
27,127,27127,Redwood,1
27,129,27129,Renville,2
27,131,27131,Rice,1
27,133,27133,Rock,1
27,135,27135,Roseau,2
27,137,27137,St. Louis,8
27,139,27139,Scott,1
27,143,27143,Sibley,2
27,145,27145,Stearns,5
27,151,27151,Swift,1
27,153,27153,Todd,4
27,155,27155,Traverse,1
27,157,27157,Wabasha,1
27,159,27159,Wadena,1
27,161,27161,Waseca,1
27,163,27163,Washington,2
27,165,27165,Watonwan,1
27,169,27169,Winona,4
27,171,27171,Wright,5
27,173,27173,Yellow Medicine,1
28,001,28001,Adams,5
28,003,28003,Alcorn,9
28,005,28005,Amite,1
28,007,28007,Attala,5
28,009,28009,Benton,2
28,011,28011,Bolivar,8
28,013,28013,Calhoun,4
28,015,28015,Carroll,3
28,017,28017,Chickasaw,5
28,019,28019,Choctaw,2
28,021,28021,Claiborne,2
28,023,28023,Clarke,5
28,025,28025,Clay,4
28,027,28027,Coahoma,4
28,029,28029,Copiah,5
28,031,28031,Covington,3
28,033,28033,DeSoto,19
28,035,28035,Forrest,16
28,037,28037,Franklin,2
28,039,28039,George,7
28,041,28041,Greene,3
28,043,28043,Grenada,6
28,045,28045,Hancock,7
28,047,28047,Harrison,39
28,049,28049,Hinds,32
28,051,28051,Holmes,3
28,053,28053,Humphreys,1
28,057,28057,Itawamba,2
28,059,28059,Jackson,29
28,061,28061,Jasper,4
28,063,28063,Jefferson,1
28,065,28065,Jefferson Davis,2
28,067,28067,Jones,19
28,069,28069,Kemper,3
28,071,28071,Lafayette,5
28,073,28073,Lamar,7
28,075,28075,Lauderdale,14
28,077,28077,Lawrence,2
28,079,28079,Leake,5
28,081,28081,Lee,17
28,083,28083,Leflore,2
28,085,28085,Lincoln,7
28,087,28087,Lowndes,16
28,089,28089,Madison,9
28,091,28091,Marion,6
28,093,28093,Marshall,7
28,095,28095,Monroe,8
28,097,28097,Montgomery,3
28,099,28099,Neshoba,6
28,101,28101,Newton,4
28,103,28103,Noxubee,2
28,105,28105,Oktibbeha,9
28,107,28107,Panola,9
28,109,28109,Pearl River,11
28,111,28111,Perry,4
28,113,28113,Pike,9
28,115,28115,Pontotoc,4
28,117,28117,Prentiss,6
28,119,28119,Quitman,1
28,121,28121,Rankin,21
28,123,28123,Scott,7
28,125,28125,Sharkey,1
28,127,28127,Simpson,4
28,129,28129,Smith,3
28,131,28131,Stone,1
28,133,28133,Sunflower,5
28,135,28135,Tallahatchie,2
28,137,28137,Tate,5
28,139,28139,Tippah,7
28,141,28141,Tishomingo,4
28,143,28143,Tunica,2
28,145,28145,Union,7
28,147,28147,Walthall,1
28,149,28149,Warren,5
28,151,28151,Washington,9
28,153,28153,Wayne,5
28,155,28155,Webster,2
28,157,28157,Wilkinson,3
28,159,28159,Winston,4
28,161,28161,Yalobusha,3
28,163,28163,Yazoo,4
29,001,29001,Adair,4
29,003,29003,Andrew,1
29,005,29005,Atchison,1
29,007,29007,Audrain,3
29,009,29009,Barry,8
29,011,29011,Barton,3
29,013,29013,Bates,3
29,015,29015,Benton,4
29,017,29017,Bollinger,2
29,019,29019,Boone,8
29,021,29021,Buchanan,8
29,023,29023,Butler,10
29,025,29025,Caldwell,3
29,027,29027,Callaway,5
29,029,29029,Camden,5
29,031,29031,Cape Girardeau,8
29,033,29033,Carroll,1
29,035,29035,Carter,2
29,037,29037,Cass,9
29,039,29039,Cedar,2
29,041,29041,Chariton,1
29,043,29043,Christian,10
29,045,29045,Clark,1
29,047,29047,Clay,12
29,049,29049,Clinton,6
29,051,29051,Cole,7
29,053,29053,Cooper,2
29,055,29055,Crawford,3
29,057,29057,Dade,1
29,059,29059,Dallas,2
29,061,29061,Daviess,1
29,063,29063,DeKalb,2
29,065,29065,Dent,1
29,067,29067,Douglas,1
29,069,29069,Dunklin,7
29,071,29071,Franklin,15
29,073,29073,Gasconade,1
29,075,29075,Gentry,3
29,077,29077,Greene,20
29,079,29079,Grundy,1
29,081,29081,Harrison,1
29,083,29083,Henry,4
29,085,29085,Hickory,2
29,087,29087,Holt,1
29,089,29089,Howard,2
29,091,29091,Howell,8
29,093,29093,Iron,2
29,095,29095,Jackson,42
29,097,29097,Jasper,15
29,099,29099,Jefferson,15
29,101,29101,Johnson,5
29,103,29103,Knox,1
29,105,29105,Laclede,6
29,107,29107,Lafayette,4
29,109,29109,Lawrence,5
29,111,29111,Lewis,2
29,113,29113,Lincoln,6
29,115,29115,Linn,2
29,117,29117,Livingston,2
29,119,29119,McDonald,6
29,121,29121,Macon,2
29,123,29123,Madison,2
29,125,29125,Maries,2
29,127,29127,Marion,3
29,129,29129,Mercer,1
29,131,29131,Miller,2
29,133,29133,Mississippi,2
29,135,29135,Moniteau,2
29,137,29137,Monroe,3
29,139,29139,Montgomery,4
29,141,29141,Morgan,5
29,143,29143,New Madrid,5
29,145,29145,Newton,8
29,147,29147,Nodaway,2
29,149,29149,Oregon,2
29,151,29151,Osage,2
29,153,29153,Ozark,2
29,155,29155,Pemiscot,3
29,157,29157,Perry,2
29,159,29159,Pettis,7
29,161,29161,Phelps,6
29,163,29163,Pike,2
29,165,29165,Platte,4
29,167,29167,Polk,5
29,169,29169,Pulaski,6
29,171,29171,Putnam,1
29,173,29173,Ralls,2
29,175,29175,Randolph,4
29,177,29177,Ray,3
29,179,29179,Reynolds,1
29,181,29181,Ripley,1
29,183,29183,St. Charles,6
29,185,29185,St. Clair,3
29,186,29186,Ste. Genevieve,2
29,187,29187,St. Francois,9
29,189,29189,St. Louis,33
29,195,29195,Saline,3
29,197,29197,Schuyler,1
29,199,29199,Scotland,1
29,201,29201,Scott,6
29,203,29203,Shannon,3
29,205,29205,Shelby,1
29,207,29207,Stoddard,5
29,209,29209,Stone,7
29,211,29211,Sullivan,1
29,213,29213,Taney,7
29,215,29215,Texas,6
29,217,29217,Vernon,3
29,219,29219,Warren,3
29,221,29221,Washington,3
29,223,29223,Wayne,2
29,225,29225,Webster,4
29,227,29227,Worth,1
29,229,29229,Wright,4
29,510,29510,St. Louis,9
30,013,30013,Cascade,2
30,029,30029,Flathead,1
30,031,30031,Gallatin,1
30,049,30049,Lewis and Clark,1
30,063,30063,Missoula,1
30,093,30093,Silver Bow,1
30,111,30111,Yellowstone,2
31,001,31001,Adams,1
31,003,31003,Antelope,1
31,011,31011,Boone,1
31,013,31013,Box Butte,1
31,017,31017,Brown,1
31,019,31019,Buffalo,5
31,021,31021,Burt,2
31,025,31025,Cass,2
31,027,31027,Cedar,2
31,029,31029,Chase,1
31,031,31031,Cherry,1
31,035,31035,Clay,2
31,037,31037,Colfax,1
31,039,31039,Cuming,1
31,041,31041,Custer,1
31,043,31043,Dakota,2
31,045,31045,Dawes,2
31,047,31047,Dawson,3
31,051,31051,Dixon,1
31,053,31053,Dodge,4
31,055,31055,Douglas,13
31,059,31059,Fillmore,1
31,061,31061,Franklin,1
31,065,31065,Furnas,1
31,067,31067,Gage,2
31,071,31071,Garfield,1
31,079,31079,Hall,3
31,081,31081,Hamilton,2
31,083,31083,Harlan,1
31,087,31087,Hitchcock,1
31,089,31089,Holt,2
31,093,31093,Howard,1
31,095,31095,Jefferson,1
31,097,31097,Johnson,1
31,099,31099,Kearney,1
31,101,31101,Keith,1
31,105,31105,Kimball,2
31,107,31107,Knox,2
31,109,31109,Lancaster,6
31,111,31111,Lincoln,4
31,119,31119,Madison,4
31,121,31121,Merrick,1
31,123,31123,Morrill,2
31,125,31125,Nance,1
31,127,31127,Nemaha,1
31,129,31129,Nuckolls,1
31,131,31131,Otoe,2
31,133,31133,Pawnee,1
31,135,31135,Perkins,1
31,137,31137,Phelps,1
31,139,31139,Pierce,1
31,141,31141,Platte,3
31,143,31143,Polk,1
31,145,31145,Red Willow,1
31,147,31147,Richardson,1
31,151,31151,Saline,3
31,153,31153,Sarpy,7
31,155,31155,Saunders,2
31,157,31157,Scotts Bluff,5
31,159,31159,Seward,1
31,161,31161,Sheridan,1
31,163,31163,Sherman,1
31,169,31169,Thayer,1
31,173,31173,Thurston,1
31,175,31175,Valley,1
31,177,31177,Washington,1
31,179,31179,Wayne,2
31,181,31181,Webster,2
31,185,31185,York,1
32,001,32001,Churchill,2
32,003,32003,Clark,32
32,005,32005,Douglas,1
32,007,32007,Elko,1
32,019,32019,Lyon,4
32,021,32021,Mineral,1
32,023,32023,Nye,1
32,031,32031,Washoe,10
32,510,32510,Carson City,2
33,001,33001,Belknap,4
33,003,33003,Carroll,4
33,005,33005,Cheshire,4
33,007,33007,Coos,3
33,009,33009,Grafton,9
33,011,33011,Hillsborough,8
33,013,33013,Merrimack,5
33,015,33015,Rockingham,5
33,017,33017,Strafford,5
33,019,33019,Sullivan,3
34,001,34001,Atlantic,10
34,003,34003,Bergen,6
34,005,34005,Burlington,14
34,007,34007,Camden,28
34,009,34009,Cape May,6
34,011,34011,Cumberland,8
34,013,34013,Essex,8
34,015,34015,Gloucester,12
34,017,34017,Hudson,3
34,021,34021,Mercer,12
34,023,34023,Middlesex,8
34,025,34025,Monmouth,10
34,027,34027,Morris,4
34,029,34029,Ocean,19
34,031,34031,Passaic,7
34,033,34033,Salem,6
34,035,34035,Somerset,1
34,037,34037,Sussex,5
34,039,34039,Union,13
34,041,34041,Warren,3
35,001,35001,Bernalillo,23
35,005,35005,Chaves,7
35,006,35006,Cibola,3
35,007,35007,Colfax,1
35,009,35009,Curry,5
35,013,35013,Do√±a Ana,15
35,015,35015,Eddy,6
35,017,35017,Grant,2
35,019,35019,Guadalupe,1
35,023,35023,Hidalgo,1
35,025,35025,Lea,6
35,027,35027,Lincoln,2
35,029,35029,Luna,4
35,031,35031,McKinley,3
35,035,35035,Otero,6
35,037,35037,Quay,1
35,039,35039,Rio Arriba,3
35,041,35041,Roosevelt,2
35,043,35043,Sandoval,3
35,045,35045,San Juan,14
35,047,35047,San Miguel,4
35,049,35049,Santa Fe,3
35,051,35051,Sierra,1
35,053,35053,Socorro,1
35,055,35055,Taos,1
35,057,35057,Torrance,1
35,059,35059,Union,1
35,061,35061,Valencia,8
36,001,36001,Albany,4
36,003,36003,Allegany,9
36,005,36005,Bronx,14
36,007,36007,Broome,17
36,009,36009,Cattaraugus,9
36,011,36011,Cayuga,9
36,013,36013,Chautauqua,17
36,015,36015,Chemung,10
36,017,36017,Chenango,7
36,019,36019,Clinton,10
36,021,36021,Columbia,5
36,023,36023,Cortland,3
36,025,36025,Delaware,5
36,027,36027,Dutchess,11
36,029,36029,Erie,65
36,031,36031,Essex,3
36,033,36033,Franklin,6
36,035,36035,Fulton,6
36,037,36037,Genesee,8
36,039,36039,Greene,7
36,043,36043,Herkimer,6
36,045,36045,Jefferson,13
36,047,36047,Kings,15
36,049,36049,Lewis,2
36,051,36051,Livingston,10
36,053,36053,Madison,8
36,055,36055,Monroe,30
36,057,36057,Montgomery,5
36,059,36059,Nassau,4
36,061,36061,New York,3
36,063,36063,Niagara,19
36,065,36065,Oneida,23
36,067,36067,Onondaga,33
36,069,36069,Ontario,11
36,071,36071,Orange,13
36,073,36073,Orleans,4
36,075,36075,Oswego,13
36,077,36077,Otsego,7
36,079,36079,Putnam,1
36,081,36081,Queens,17
36,083,36083,Rensselaer,4
36,085,36085,Richmond,5
36,087,36087,Rockland,6
36,089,36089,St. Lawrence,13
36,091,36091,Saratoga,11
36,093,36093,Schenectady,7
36,095,36095,Schoharie,3
36,097,36097,Schuyler,1
36,099,36099,Seneca,4
36,101,36101,Steuben,13
36,103,36103,Suffolk,12
36,105,36105,Sullivan,9
36,107,36107,Tioga,5
36,109,36109,Tompkins,3
36,111,36111,Ulster,13
36,113,36113,Warren,3
36,115,36115,Washington,8
36,117,36117,Wayne,13
36,119,36119,Westchester,4
36,121,36121,Wyoming,3
36,123,36123,Yates,3
37,001,37001,Alamance,22
37,003,37003,Alexander,6
37,005,37005,Alleghany,1
37,007,37007,Anson,3
37,009,37009,Ashe,5
37,011,37011,Avery,4
37,013,37013,Beaufort,8
37,015,37015,Bertie,2
37,017,37017,Bladen,7
37,019,37019,Brunswick,18
37,021,37021,Buncombe,18
37,023,37023,Burke,17
37,025,37025,Cabarrus,8
37,027,37027,Caldwell,10
37,029,37029,Camden,1
37,031,37031,Carteret,15
37,033,37033,Caswell,3
37,035,37035,Catawba,20
37,037,37037,Chatham,6
37,039,37039,Cherokee,9
37,041,37041,Chowan,3
37,043,37043,Clay,2
37,045,37045,Cleveland,20
37,047,37047,Columbus,10
37,049,37049,Craven,11
37,051,37051,Cumberland,23
37,053,37053,Currituck,3
37,055,37055,Dare,6
37,057,37057,Davidson,19
37,059,37059,Davie,6
37,061,37061,Duplin,11
37,063,37063,Durham,13
37,065,37065,Edgecombe,8
37,067,37067,Forsyth,26
37,069,37069,Franklin,6
37,071,37071,Gaston,23
37,073,37073,Gates,2
37,075,37075,Graham,1
37,077,37077,Granville,10
37,079,37079,Greene,2
37,081,37081,Guilford,34
37,083,37083,Halifax,8
37,085,37085,Harnett,14
37,087,37087,Haywood,10
37,089,37089,Henderson,9
37,091,37091,Hertford,3
37,093,37093,Hoke,4
37,095,37095,Hyde,1
37,097,37097,Iredell,21
37,099,37099,Jackson,3
37,101,37101,Johnston,21
37,103,37103,Jones,3
37,105,37105,Lee,5
37,107,37107,Lenoir,9
37,109,37109,Lincoln,10
37,111,37111,McDowell,9
37,113,37113,Macon,7
37,115,37115,Madison,2
37,117,37117,Martin,3
37,119,37119,Mecklenburg,32
37,121,37121,Mitchell,3
37,123,37123,Montgomery,6
37,125,37125,Moore,10
37,127,37127,Nash,16
37,129,37129,New Hanover,12
37,131,37131,Northampton,4
37,133,37133,Onslow,14
37,135,37135,Orange,5
37,137,37137,Pamlico,3
37,139,37139,Pasquotank,7
37,141,37141,Pender,7
37,143,37143,Perquimans,1
37,145,37145,Person,4
37,147,37147,Pitt,20
37,149,37149,Polk,6
37,151,37151,Randolph,15
37,153,37153,Richmond,7
37,155,37155,Robeson,15
37,157,37157,Rockingham,15
37,159,37159,Rowan,13
37,161,37161,Rutherford,14
37,163,37163,Sampson,8
37,165,37165,Scotland,6
37,167,37167,Stanly,11
37,169,37169,Stokes,7
37,171,37171,Surry,15
37,173,37173,Swain,3
37,175,37175,Transylvania,6
37,177,37177,Tyrrell,1
37,179,37179,Union,13
37,181,37181,Vance,6
37,183,37183,Wake,32
37,185,37185,Warren,2
37,187,37187,Washington,2
37,189,37189,Watauga,4
37,191,37191,Wayne,16
37,193,37193,Wilkes,10
37,195,37195,Wilson,11
37,197,37197,Yadkin,8
37,199,37199,Yancey,1
38,001,38001,Adams,1
38,003,38003,Barnes,1
38,015,38015,Burleigh,1
38,017,38017,Cass,2
38,021,38021,Dickey,2
38,035,38035,Grand Forks,2
38,077,38077,Richland,1
38,081,38081,Sargent,1
38,097,38097,Traill,2
39,001,39001,Adams,4
39,003,39003,Allen,12
39,005,39005,Ashland,6
39,007,39007,Ashtabula,13
39,009,39009,Athens,7
39,011,39011,Auglaize,5
39,013,39013,Belmont,10
39,015,39015,Brown,5
39,017,39017,Butler,18
39,019,39019,Carroll,4
39,021,39021,Champaign,4
39,023,39023,Clark,12
39,025,39025,Clermont,15
39,027,39027,Clinton,4
39,029,39029,Columbiana,15
39,031,39031,Coshocton,4
39,033,39033,Crawford,5
39,035,39035,Cuyahoga,53
39,037,39037,Darke,7
39,039,39039,Defiance,6
39,041,39041,Delaware,5
39,043,39043,Erie,9
39,045,39045,Fairfield,9
39,047,39047,Fayette,2
39,049,39049,Franklin,57
39,051,39051,Fulton,5
39,053,39053,Gallia,5
39,055,39055,Geauga,5
39,057,39057,Greene,12
39,059,39059,Guernsey,4
39,061,39061,Hamilton,28
39,063,39063,Hancock,5
39,065,39065,Hardin,3
39,067,39067,Harrison,4
39,069,39069,Henry,2
39,071,39071,Highland,7
39,073,39073,Hocking,3
39,075,39075,Holmes,4
39,077,39077,Huron,6
39,079,39079,Jackson,4
39,081,39081,Jefferson,9
39,083,39083,Knox,8
39,085,39085,Lake,17
39,087,39087,Lawrence,4
39,089,39089,Licking,9
39,091,39091,Logan,8
39,093,39093,Lorain,29
39,095,39095,Lucas,25
39,097,39097,Madison,2
39,099,39099,Mahoning,26
39,101,39101,Marion,5
39,103,39103,Medina,12
39,105,39105,Meigs,3
39,107,39107,Mercer,7
39,109,39109,Miami,11
39,111,39111,Monroe,1
39,113,39113,Montgomery,41
39,115,39115,Morgan,1
39,117,39117,Morrow,4
39,119,39119,Muskingum,14
39,121,39121,Noble,1
39,123,39123,Ottawa,6
39,125,39125,Paulding,3
39,127,39127,Perry,5
39,129,39129,Pickaway,7
39,131,39131,Pike,4
39,133,39133,Portage,11
39,135,39135,Preble,8
39,137,39137,Putnam,7
39,139,39139,Richland,13
39,141,39141,Ross,7
39,143,39143,Sandusky,9
39,145,39145,Scioto,8
39,147,39147,Seneca,4
39,149,39149,Shelby,4
39,151,39151,Stark,32
39,153,39153,Summit,38
39,155,39155,Trumbull,30
39,157,39157,Tuscarawas,14
39,159,39159,Union,4
39,161,39161,Van Wert,1
39,163,39163,Vinton,1
39,165,39165,Warren,10
39,167,39167,Washington,11
39,169,39169,Wayne,13
39,171,39171,Williams,6
39,173,39173,Wood,12
39,175,39175,Wyandot,2
40,001,40001,Adair,4
40,003,40003,Alfalfa,1
40,005,40005,Atoka,2
40,007,40007,Beaver,1
40,009,40009,Beckham,3
40,011,40011,Blaine,2
40,013,40013,Bryan,10
40,015,40015,Caddo,6
40,017,40017,Canadian,11
40,019,40019,Carter,9
40,021,40021,Cherokee,10
40,023,40023,Choctaw,3
40,025,40025,Cimarron,1
40,027,40027,Cleveland,28
40,029,40029,Coal,1
40,031,40031,Comanche,16
40,033,40033,Cotton,1
40,035,40035,Craig,3
40,037,40037,Creek,11
40,039,40039,Custer,4
40,041,40041,Delaware,9
40,043,40043,Dewey,2
40,045,40045,Ellis,1
40,047,40047,Garfield,9
40,049,40049,Garvin,6
40,051,40051,Grady,6
40,053,40053,Grant,1
40,055,40055,Greer,1
40,057,40057,Harmon,1
40,059,40059,Harper,2
40,061,40061,Haskell,2
40,063,40063,Hughes,2
40,065,40065,Jackson,3
40,067,40067,Jefferson,2
40,069,40069,Johnston,3
40,071,40071,Kay,7
40,073,40073,Kingfisher,2
40,075,40075,Kiowa,2
40,077,40077,Latimer,2
40,079,40079,Le Flore,12
40,081,40081,Lincoln,7
40,083,40083,Logan,2
40,085,40085,Love,1
40,087,40087,McClain,6
40,089,40089,McCurtain,4
40,091,40091,McIntosh,3
40,093,40093,Major,2
40,095,40095,Marshall,3
40,097,40097,Mayes,7
40,099,40099,Murray,2
40,101,40101,Muskogee,11
40,103,40103,Noble,1
40,105,40105,Nowata,2
40,107,40107,Okfuskee,2
40,109,40109,Oklahoma,59
40,111,40111,Okmulgee,6
40,113,40113,Osage,5
40,115,40115,Ottawa,6
40,117,40117,Pawnee,3
40,119,40119,Payne,7
40,121,40121,Pittsburg,11
40,123,40123,Pontotoc,8
40,125,40125,Pottawatomie,11
40,127,40127,Pushmataha,2
40,129,40129,Roger Mills,1
40,131,40131,Rogers,14
40,133,40133,Seminole,4
40,135,40135,Sequoyah,10
40,137,40137,Stephens,6
40,139,40139,Texas,2
40,141,40141,Tillman,1
40,143,40143,Tulsa,51
40,145,40145,Wagoner,8
40,147,40147,Washington,8
40,149,40149,Washita,2
40,153,40153,Woodward,4
41,001,41001,Baker,1
41,003,41003,Benton,3
41,005,41005,Clackamas,5
41,009,41009,Columbia,1
41,011,41011,Coos,2
41,013,41013,Crook,1
41,015,41015,Curry,3
41,017,41017,Deschutes,2
41,019,41019,Douglas,8
41,027,41027,Hood River,1
41,029,41029,Jackson,9
41,031,41031,Jefferson,1
41,033,41033,Josephine,6
41,035,41035,Klamath,2
41,037,41037,Lake,1
41,039,41039,Lane,7
41,041,41041,Lincoln,1
41,043,41043,Linn,3
41,047,41047,Marion,6
41,051,41051,Multnomah,8
41,053,41053,Polk,1
41,059,41059,Umatilla,2
41,061,41061,Union,1
41,065,41065,Wasco,1
41,067,41067,Washington,10
41,071,41071,Yamhill,2
42,001,42001,Adams,10
42,003,42003,Allegheny,61
42,005,42005,Armstrong,7
42,007,42007,Beaver,22
42,009,42009,Bedford,8
42,011,42011,Berks,23
42,013,42013,Blair,16
42,015,42015,Bradford,6
42,017,42017,Bucks,18
42,019,42019,Butler,16
42,021,42021,Cambria,22
42,025,42025,Carbon,5
42,027,42027,Centre,7
42,029,42029,Chester,12
42,031,42031,Clarion,7
42,033,42033,Clearfield,14
42,035,42035,Clinton,4
42,037,42037,Columbia,11
42,039,42039,Crawford,12
42,041,42041,Cumberland,17
42,043,42043,Dauphin,15
42,045,42045,Delaware,20
42,047,42047,Elk,6
42,049,42049,Erie,29
42,051,42051,Fayette,21
42,053,42053,Forest,2
42,055,42055,Franklin,19
42,057,42057,Fulton,2
42,059,42059,Greene,7
42,061,42061,Huntingdon,6
42,063,42063,Indiana,10
42,065,42065,Jefferson,6
42,067,42067,Juniata,5
42,069,42069,Lackawanna,16
42,071,42071,Lancaster,23
42,073,42073,Lawrence,11
42,075,42075,Lebanon,6
42,077,42077,Lehigh,14
42,079,42079,Luzerne,30
42,081,42081,Lycoming,10
42,083,42083,McKean,7
42,085,42085,Mercer,15
42,087,42087,Mifflin,7
42,089,42089,Monroe,15
42,091,42091,Montgomery,15
42,093,42093,Montour,1
42,095,42095,Northampton,14
42,097,42097,Northumberland,12
42,099,42099,Perry,7
42,101,42101,Philadelphia,49
42,103,42103,Pike,3
42,105,42105,Potter,4
42,107,42107,Schuylkill,12
42,109,42109,Snyder,5
42,111,42111,Somerset,12
42,113,42113,Sullivan,2
42,115,42115,Susquehanna,3
42,117,42117,Tioga,6
42,119,42119,Union,4
42,121,42121,Venango,6
42,123,42123,Warren,6
42,125,42125,Washington,19
42,127,42127,Wayne,8
42,129,42129,Westmoreland,39
42,131,42131,Wyoming,3
42,133,42133,York,32
44,001,44001,Bristol,1
44,003,44003,Kent,2
44,005,44005,Newport,3
44,007,44007,Providence,14
44,009,44009,Washington,1
45,001,45001,Abbeville,4
45,003,45003,Aiken,25
45,005,45005,Allendale,2
45,007,45007,Anderson,24
45,009,45009,Bamberg,3
45,011,45011,Barnwell,6
45,013,45013,Beaufort,9
45,015,45015,Berkeley,15
45,017,45017,Calhoun,2
45,019,45019,Charleston,24
45,021,45021,Cherokee,10
45,023,45023,Chester,5
45,025,45025,Chesterfield,6
45,027,45027,Clarendon,6
45,029,45029,Colleton,6
45,031,45031,Darlington,11
45,033,45033,Dillon,7
45,035,45035,Dorchester,13
45,037,45037,Edgefield,5
45,039,45039,Fairfield,2
45,041,45041,Florence,23
45,043,45043,Georgetown,8
45,045,45045,Greenville,44
45,047,45047,Greenwood,14
45,049,45049,Hampton,4
45,051,45051,Horry,46
45,053,45053,Jasper,4
45,055,45055,Kershaw,11
45,057,45057,Lancaster,7
45,059,45059,Laurens,11
45,061,45061,Lee,1
45,063,45063,Lexington,32
45,065,45065,McCormick,1
45,067,45067,Marion,8
45,069,45069,Marlboro,5
45,071,45071,Newberry,6
45,073,45073,Oconee,13
45,075,45075,Orangeburg,23
45,077,45077,Pickens,16
45,079,45079,Richland,32
45,081,45081,Saluda,3
45,083,45083,Spartanburg,52
45,085,45085,Sumter,15
45,087,45087,Union,7
45,089,45089,Williamsburg,7
45,091,45091,York,20
46,005,46005,Beadle,1
46,011,46011,Brookings,1
46,013,46013,Brown,1
46,023,46023,Charles Mix,2
46,025,46025,Clark,1
46,029,46029,Codington,1
46,035,46035,Davison,1
46,037,46037,Day,1
46,039,46039,Deuel,1
46,041,46041,Dewey,1
46,045,46045,Edmunds,1
46,053,46053,Gregory,1
46,059,46059,Hand,1
46,067,46067,Hutchinson,2
46,077,46077,Kingsbury,1
46,079,46079,Lake,2
46,083,46083,Lincoln,3
46,087,46087,McCook,1
46,091,46091,Marshall,2
46,093,46093,Meade,1
46,099,46099,Minnehaha,7
46,101,46101,Moody,1
46,103,46103,Pennington,3
46,107,46107,Potter,1
46,115,46115,Spink,1
46,123,46123,Tripp,1
46,127,46127,Union,2
46,129,46129,Walworth,1
46,135,46135,Yankton,2
47,001,47001,Anderson,9
47,003,47003,Bedford,6
47,005,47005,Benton,2
47,007,47007,Bledsoe,2
47,009,47009,Blount,19
47,011,47011,Bradley,13
47,013,47013,Campbell,6
47,015,47015,Cannon,2
47,017,47017,Carroll,6
47,019,47019,Carter,11
47,021,47021,Cheatham,8
47,023,47023,Chester,3
47,025,47025,Claiborne,5
47,027,47027,Clay,3
47,029,47029,Cocke,12
47,031,47031,Coffee,8
47,033,47033,Crockett,4
47,035,47035,Cumberland,13
47,037,47037,Davidson,55
47,039,47039,Decatur,2
47,041,47041,DeKalb,5
47,043,47043,Dickson,13
47,045,47045,Dyer,10
47,047,47047,Fayette,4
47,049,47049,Fentress,4
47,051,47051,Franklin,8
47,053,47053,Gibson,10
47,055,47055,Giles,12
47,057,47057,Grainger,6
47,059,47059,Greene,10
47,061,47061,Grundy,6
47,063,47063,Hamblen,8
47,065,47065,Hamilton,36
47,067,47067,Hancock,1
47,069,47069,Hardeman,6
47,071,47071,Hardin,4
47,073,47073,Hawkins,12
47,075,47075,Haywood,1
47,077,47077,Henderson,7
47,079,47079,Henry,7
47,081,47081,Hickman,4
47,083,47083,Houston,2
47,085,47085,Humphreys,3
47,087,47087,Jackson,4
47,089,47089,Jefferson,6
47,091,47091,Johnson,2
47,093,47093,Knox,37
47,095,47095,Lake,1
47,097,47097,Lauderdale,4
47,099,47099,Lawrence,12
47,101,47101,Lewis,1
47,103,47103,Lincoln,7
47,105,47105,Loudon,9
47,107,47107,McMinn,7
47,109,47109,McNairy,6
47,111,47111,Macon,2
47,113,47113,Madison,17
47,115,47115,Marion,5
47,117,47117,Marshall,5
47,119,47119,Maury,13
47,121,47121,Meigs,4
47,123,47123,Monroe,7
47,125,47125,Montgomery,25
47,127,47127,Moore,1
47,129,47129,Morgan,4
47,131,47131,Obion,4
47,133,47133,Overton,3
47,135,47135,Perry,2
47,137,47137,Pickett,1
47,139,47139,Polk,4
47,141,47141,Putnam,12
47,143,47143,Rhea,6
47,145,47145,Roane,8
47,147,47147,Robertson,14
47,149,47149,Rutherford,34
47,151,47151,Scott,4
47,153,47153,Sequatchie,4
47,155,47155,Sevier,12
47,157,47157,Shelby,55
47,159,47159,Smith,4
47,161,47161,Stewart,3
47,163,47163,Sullivan,22
47,165,47165,Sumner,18
47,167,47167,Tipton,10
47,169,47169,Trousdale,1
47,171,47171,Unicoi,3
47,173,47173,Union,3
47,175,47175,Van Buren,2
47,177,47177,Warren,10
47,179,47179,Washington,12
47,181,47181,Wayne,3
47,183,47183,Weakley,8
47,185,47185,White,7
47,187,47187,Williamson,6
47,189,47189,Wilson,15
48,001,48001,Anderson,6
48,003,48003,Andrews,1
48,005,48005,Angelina,16
48,007,48007,Aransas,1
48,009,48009,Archer,1
48,013,48013,Atascosa,6
48,015,48015,Austin,3
48,017,48017,Bailey,1
48,019,48019,Bandera,4
48,021,48021,Bastrop,11
48,023,48023,Baylor,1
48,025,48025,Bee,3
48,027,48027,Bell,32
48,029,48029,Bexar,96
48,031,48031,Blanco,2
48,035,48035,Bosque,5
48,037,48037,Bowie,14
48,039,48039,Brazoria,26
48,041,48041,Brazos,10
48,043,48043,Brewster,1
48,045,48045,Briscoe,1
48,047,48047,Brooks,2
48,049,48049,Brown,5
48,051,48051,Burleson,3
48,053,48053,Burnet,6
48,055,48055,Caldwell,4
48,057,48057,Calhoun,2
48,059,48059,Callahan,3
48,061,48061,Cameron,37
48,063,48063,Camp,2
48,067,48067,Cass,4
48,069,48069,Castro,1
48,071,48071,Chambers,4
48,073,48073,Cherokee,7
48,075,48075,Childress,1
48,077,48077,Clay,1
48,081,48081,Coke,1
48,083,48083,Coleman,1
48,085,48085,Collin,22
48,087,48087,Collingsworth,1
48,089,48089,Colorado,3
48,091,48091,Comal,13
48,093,48093,Comanche,2
48,097,48097,Cooke,6
48,099,48099,Coryell,5
48,103,48103,Crane,1
48,105,48105,Crockett,1
48,107,48107,Crosby,2
48,109,48109,Culberson,1
48,111,48111,Dallam,1
48,113,48113,Dallas,95
48,115,48115,Dawson,2
48,117,48117,Deaf Smith,2
48,119,48119,Delta,1
48,121,48121,Denton,24
48,123,48123,DeWitt,3
48,127,48127,Dimmit,1
48,129,48129,Donley,1
48,131,48131,Duval,1
48,133,48133,Eastland,3
48,135,48135,Ector,20
48,139,48139,Ellis,13
48,141,48141,El Paso,61
48,143,48143,Erath,3
48,145,48145,Falls,3
48,147,48147,Fannin,7
48,149,48149,Fayette,3
48,153,48153,Floyd,1
48,157,48157,Fort Bend,14
48,159,48159,Franklin,2
48,161,48161,Freestone,3
48,163,48163,Frio,2
48,165,48165,Gaines,2
48,167,48167,Galveston,21
48,169,48169,Garza,1
48,171,48171,Gillespie,1
48,175,48175,Goliad,1
48,177,48177,Gonzales,3
48,179,48179,Gray,4
48,181,48181,Grayson,24
48,183,48183,Gregg,17
48,185,48185,Grimes,6
48,187,48187,Guadalupe,10
48,189,48189,Hale,3
48,191,48191,Hall,1
48,193,48193,Hamilton,3
48,195,48195,Hansford,1
48,197,48197,Hardeman,1
48,199,48199,Hardin,10
48,201,48201,Harris,111
48,203,48203,Harrison,4
48,205,48205,Hartley,1
48,207,48207,Haskell,1
48,209,48209,Hays,13
48,211,48211,Hemphill,1
48,213,48213,Henderson,18
48,215,48215,Hidalgo,89
48,217,48217,Hill,5
48,219,48219,Hockley,2
48,221,48221,Hood,6
48,223,48223,Hopkins,5
48,225,48225,Houston,3
48,227,48227,Howard,6
48,231,48231,Hunt,15
48,233,48233,Hutchinson,5
48,237,48237,Jack,1
48,239,48239,Jackson,2
48,241,48241,Jasper,6
48,245,48245,Jefferson,20
48,247,48247,Jim Hogg,1
48,249,48249,Jim Wells,8
48,251,48251,Johnson,16
48,253,48253,Jones,4
48,255,48255,Karnes,2
48,257,48257,Kaufman,11
48,259,48259,Kendall,2
48,265,48265,Kerr,5
48,267,48267,Kimble,1
48,271,48271,Kinney,1
48,273,48273,Kleberg,3
48,275,48275,Knox,2
48,277,48277,Lamar,7
48,279,48279,Lamb,2
48,281,48281,Lampasas,2
48,283,48283,La Salle,1
48,285,48285,Lavaca,3
48,287,48287,Lee,2
48,289,48289,Leon,3
48,291,48291,Liberty,10
48,293,48293,Limestone,2
48,297,48297,Live Oak,2
48,299,48299,Llano,3
48,303,48303,Lubbock,32
48,305,48305,Lynn,1
48,307,48307,McCulloch,1
48,309,48309,McLennan,27
48,313,48313,Madison,1
48,315,48315,Marion,2
48,317,48317,Martin,1
48,319,48319,Mason,1
48,321,48321,Matagorda,6
48,323,48323,Maverick,9
48,325,48325,Medina,6
48,329,48329,Midland,14
48,331,48331,Milam,3
48,333,48333,Mills,1
48,335,48335,Mitchell,1
48,337,48337,Montague,2
48,339,48339,Montgomery,28
48,341,48341,Moore,1
48,343,48343,Morris,3
48,347,48347,Nacogdoches,5
48,349,48349,Navarro,6
48,351,48351,Newton,2
48,353,48353,Nolan,1
48,355,48355,Nueces,30
48,357,48357,Ochiltree,1
48,361,48361,Orange,12
48,363,48363,Palo Pinto,3
48,365,48365,Panola,4
48,367,48367,Parker,11
48,369,48369,Parmer,1
48,371,48371,Pecos,2
48,373,48373,Polk,10
48,375,48375,Potter,14
48,377,48377,Presidio,3
48,379,48379,Rains,3
48,381,48381,Randall,12
48,383,48383,Reagan,1
48,385,48385,Real,1
48,387,48387,Red River,2
48,389,48389,Reeves,1
48,391,48391,Refugio,1
48,395,48395,Robertson,3
48,397,48397,Rockwall,2
48,399,48399,Runnels,3
48,401,48401,Rusk,5
48,403,48403,Sabine,2
48,405,48405,San Augustine,1
48,407,48407,San Jacinto,3
48,409,48409,San Patricio,12
48,413,48413,Schleicher,1
48,415,48415,Scurry,1
48,417,48417,Shackelford,1
48,419,48419,Shelby,5
48,421,48421,Sherman,1
48,423,48423,Smith,27
48,425,48425,Somervell,2
48,427,48427,Starr,8
48,429,48429,Stephens,1
48,435,48435,Sutton,1
48,437,48437,Swisher,1
48,439,48439,Tarrant,88
48,441,48441,Taylor,14
48,445,48445,Terry,1
48,449,48449,Titus,4
48,451,48451,Tom Green,13
48,453,48453,Travis,33
48,455,48455,Trinity,3
48,457,48457,Tyler,4
48,459,48459,Upshur,5
48,461,48461,Upton,1
48,463,48463,Uvalde,2
48,465,48465,Val Verde,5
48,467,48467,Van Zandt,7
48,469,48469,Victoria,13
48,471,48471,Walker,11
48,473,48473,Waller,4
48,475,48475,Ward,1
48,477,48477,Washington,3
48,479,48479,Webb,8
48,481,48481,Wharton,5
48,483,48483,Wheeler,2
48,485,48485,Wichita,14
48,487,48487,Wilbarger,1
48,489,48489,Willacy,2
48,491,48491,Williamson,18
48,493,48493,Wilson,7
48,495,48495,Winkler,2
48,497,48497,Wise,12
48,499,48499,Wood,8
48,501,48501,Yoakum,1
48,503,48503,Young,2
48,505,48505,Zapata,4
48,507,48507,Zavala,1
49,003,49003,Box Elder,3
49,005,49005,Cache,4
49,007,49007,Carbon,3
49,011,49011,Davis,6
49,019,49019,Grand,1
49,021,49021,Iron,1
49,023,49023,Juab,1
49,027,49027,Millard,1
49,035,49035,Salt Lake,18
49,041,49041,Sevier,2
49,045,49045,Tooele,1
49,047,49047,Uintah,1
49,049,49049,Utah,9
49,051,49051,Wasatch,1
49,053,49053,Washington,3
49,057,49057,Weber,5
50,001,50001,Addison,1
50,003,50003,Bennington,4
50,005,50005,Caledonia,2
50,007,50007,Chittenden,5
50,009,50009,Essex,1
50,011,50011,Franklin,4
50,013,50013,Grand Isle,1
50,015,50015,Lamoille,1
50,017,50017,Orange,4
50,019,50019,Orleans,3
50,021,50021,Rutland,5
50,023,50023,Washington,7
50,025,50025,Windham,2
50,027,50027,Windsor,3
51,001,51001,Accomack,6
51,003,51003,Albemarle,3
51,005,51005,Alleghany,1
51,007,51007,Amelia,1
51,009,51009,Amherst,3
51,011,51011,Appomattox,2
51,015,51015,Augusta,9
51,017,51017,Bath,1
51,019,51019,Bedford,8
51,021,51021,Bland,1
51,023,51023,Botetourt,4
51,025,51025,Brunswick,3
51,027,51027,Buchanan,3
51,029,51029,Buckingham,2
51,031,51031,Campbell,8
51,033,51033,Caroline,2
51,035,51035,Carroll,4
51,037,51037,Charlotte,3
51,041,51041,Chesterfield,14
51,043,51043,Clarke,1
51,047,51047,Culpeper,1
51,049,51049,Cumberland,1
51,051,51051,Dickenson,2
51,053,51053,Dinwiddie,3
51,057,51057,Essex,1
51,059,51059,Fairfax,6
51,061,51061,Fauquier,3
51,063,51063,Floyd,2
51,065,51065,Fluvanna,3
51,067,51067,Franklin,8
51,069,51069,Frederick,3
51,071,51071,Giles,4
51,073,51073,Gloucester,3
51,075,51075,Goochland,1
51,077,51077,Grayson,2
51,079,51079,Greene,2
51,083,51083,Halifax,6
51,085,51085,Hanover,8
51,087,51087,Henrico,18
51,089,51089,Henry,10
51,091,51091,Highland,1
51,093,51093,Isle of Wight,6
51,095,51095,James City,2
51,097,51097,King and Queen,1
51,099,51099,King George,3
51,101,51101,King William,2
51,103,51103,Lancaster,2
51,105,51105,Lee,5
51,107,51107,Loudoun,1
51,109,51109,Louisa,3
51,111,51111,Lunenburg,2
51,113,51113,Madison,1
51,115,51115,Mathews,1
51,117,51117,Mecklenburg,6
51,119,51119,Middlesex,3
51,121,51121,Montgomery,9
51,125,51125,Nelson,1
51,127,51127,New Kent,1
51,131,51131,Northampton,4
51,133,51133,Northumberland,3
51,135,51135,Nottoway,3
51,137,51137,Orange,5
51,139,51139,Page,6
51,141,51141,Patrick,2
51,143,51143,Pittsylvania,7
51,145,51145,Powhatan,1
51,147,51147,Prince Edward,2
51,149,51149,Prince George,3
51,153,51153,Prince William,7
51,155,51155,Pulaski,4
51,159,51159,Richmond,1
51,161,51161,Roanoke,6
51,163,51163,Rockbridge,4
51,165,51165,Rockingham,5
51,167,51167,Russell,4
51,169,51169,Scott,5
51,171,51171,Shenandoah,7
51,173,51173,Smyth,9
51,175,51175,Southampton,2
51,177,51177,Spotsylvania,6
51,179,51179,Stafford,3
51,181,51181,Surry,1
51,183,51183,Sussex,4
51,185,51185,Tazewell,9
51,187,51187,Warren,1
51,191,51191,Washington,10
51,193,51193,Westmoreland,4
51,195,51195,Wise,9
51,197,51197,Wythe,5
51,199,51199,York,3
51,510,51510,Alexandria,1
51,520,51520,Bristol,5
51,540,51540,Charlottesville,1
51,550,51550,Chesapeake,13
51,570,51570,Colonial Heights,2
51,580,51580,Covington,1
51,590,51590,Danville,8
51,595,51595,Emporia,2
51,600,51600,Fairfax,1
51,620,51620,Franklin,2
51,630,51630,Fredericksburg,2
51,640,51640,Galax,3
51,650,51650,Hampton,8
51,660,51660,Harrisonburg,4
51,670,51670,Hopewell,3
51,678,51678,Lexington,1
51,680,51680,Lynchburg,5
51,683,51683,Manassas,1
51,690,51690,Martinsville,2
51,700,51700,Newport News,9
51,710,51710,Norfolk,12
51,720,51720,Norton,1
51,730,51730,Petersburg,4
51,735,51735,Poquoson,1
51,740,51740,Portsmouth,9
51,750,51750,Radford,1
51,760,51760,Richmond,7
51,770,51770,Roanoke,9
51,775,51775,Salem,2
51,790,51790,Staunton,2
51,800,51800,Suffolk,8
51,810,51810,Virginia Beach,21
51,820,51820,Waynesboro,3
51,840,51840,Winchester,3
53,003,53003,Asotin,1
53,005,53005,Benton,2
53,007,53007,Chelan,1
53,009,53009,Clallam,1
53,011,53011,Clark,4
53,015,53015,Cowlitz,1
53,021,53021,Franklin,1
53,025,53025,Grant,2
53,027,53027,Grays Harbor,1
53,029,53029,Island,1
53,033,53033,King,7
53,035,53035,Kitsap,3
53,037,53037,Kittitas,1
53,041,53041,Lewis,1
53,045,53045,Mason,1
53,053,53053,Pierce,8
53,057,53057,Skagit,1
53,061,53061,Snohomish,3
53,063,53063,Spokane,6
53,065,53065,Stevens,1
53,067,53067,Thurston,3
53,071,53071,Walla Walla,1
53,073,53073,Whatcom,1
53,075,53075,Whitman,1
53,077,53077,Yakima,2
54,001,54001,Barbour,3
54,003,54003,Berkeley,8
54,005,54005,Boone,5
54,007,54007,Braxton,4
54,009,54009,Brooke,5
54,011,54011,Cabell,11
54,013,54013,Calhoun,2
54,015,54015,Clay,1
54,017,54017,Doddridge,1
54,019,54019,Fayette,13
54,021,54021,Gilmer,1
54,023,54023,Grant,1
54,025,54025,Greenbrier,9
54,027,54027,Hampshire,7
54,029,54029,Hancock,7
54,031,54031,Hardy,1
54,033,54033,Harrison,10
54,035,54035,Jackson,4
54,037,54037,Jefferson,5
54,039,54039,Kanawha,27
54,041,54041,Lewis,2
54,043,54043,Lincoln,2
54,045,54045,Logan,9
54,047,54047,McDowell,4
54,049,54049,Marion,7
54,051,54051,Marshall,4
54,053,54053,Mason,4
54,055,54055,Mercer,10
54,057,54057,Mineral,7
54,059,54059,Mingo,5
54,061,54061,Monongalia,4
54,063,54063,Monroe,3
54,065,54065,Morgan,2
54,067,54067,Nicholas,5
54,069,54069,Ohio,3
54,071,54071,Pendleton,1
54,073,54073,Pleasants,1
54,075,54075,Pocahontas,3
54,077,54077,Preston,6
54,079,54079,Putnam,9
54,081,54081,Raleigh,14
54,083,54083,Randolph,6
54,085,54085,Ritchie,3
54,087,54087,Roane,1
54,089,54089,Summers,3
54,091,54091,Taylor,3
54,093,54093,Tucker,2
54,095,54095,Tyler,1
54,097,54097,Upshur,5
54,099,54099,Wayne,6
54,101,54101,Webster,2
54,103,54103,Wetzel,6
54,105,54105,Wirt,2
54,107,54107,Wood,12
54,109,54109,Wyoming,4
55,001,55001,Adams,2
55,003,55003,Ashland,1
55,005,55005,Barron,3
55,009,55009,Brown,6
55,011,55011,Buffalo,1
55,013,55013,Burnett,2
55,015,55015,Calumet,1
55,017,55017,Chippewa,4
55,019,55019,Clark,2
55,021,55021,Columbia,4
55,023,55023,Crawford,2
55,025,55025,Dane,14
55,027,55027,Dodge,3
55,029,55029,Door,1
55,031,55031,Douglas,2
55,033,55033,Dunn,4
55,035,55035,Eau Claire,4
55,039,55039,Fond du Lac,7
55,041,55041,Forest,1
55,043,55043,Grant,4
55,045,55045,Green,4
55,047,55047,Green Lake,3
55,051,55051,Iron,1
55,053,55053,Jackson,1
55,055,55055,Jefferson,5
55,057,55057,Juneau,3
55,059,55059,Kenosha,4
55,061,55061,Kewaunee,1
55,063,55063,La Crosse,2
55,065,55065,Lafayette,1
55,067,55067,Langlade,1
55,069,55069,Lincoln,1
55,071,55071,Manitowoc,2
55,073,55073,Marathon,5
55,075,55075,Marinette,3
55,077,55077,Marquette,2
55,078,55078,Menominee,1
55,079,55079,Milwaukee,22
55,081,55081,Monroe,2
55,083,55083,Oconto,1
55,085,55085,Oneida,3
55,087,55087,Outagamie,7
55,093,55093,Pierce,2
55,095,55095,Polk,3
55,097,55097,Portage,3
55,099,55099,Price,1
55,101,55101,Racine,6
55,103,55103,Richland,2
55,105,55105,Rock,6
55,107,55107,Rusk,2
55,109,55109,St. Croix,4
55,111,55111,Sauk,3
55,115,55115,Shawano,3
55,117,55117,Sheboygan,2
55,121,55121,Trempealeau,3
55,123,55123,Vernon,2
55,125,55125,Vilas,1
55,127,55127,Walworth,3
55,129,55129,Washburn,3
55,131,55131,Washington,6
55,133,55133,Waukesha,2
55,135,55135,Waupaca,3
55,137,55137,Waushara,3
55,139,55139,Winnebago,5
55,141,55141,Wood,3
56,021,56021,Laramie,1
56,025,56025,Natrona,1
56,029,56029,Park,1
56,037,56037,Sweetwater,1
56,039,56039,Teton,1
56,041,56041,Uinta,1
